{"cameraMode":{"drawMode":0,"name":"Shaded","section":"Shading Mode"},"sceneLighting":false,"audioPlay":false,"sceneViewState":{"showFog":true,"showMaterialUpdate":false,"showSkybox":false,"showFlares":true,"showImageEffects":true,"showParticleSystems":true},"in2DMode":false,"pivot":{"x":57.9093017578125,"y":88.8528823852539,"z":12.592000961303711},"rotation":{"x":0.1212812140583992,"y":-0.0610114149749279,"z":0.007474059704691172,"w":0.9907358884811401},"size":2.855526924133301,"orthographic":false}