{"cameraMode":{"drawMode":0,"name":"Shaded","section":"Shading Mode"},"sceneLighting":true,"audioPlay":false,"sceneViewState":{"showFog":true,"showMaterialUpdate":false,"showSkybox":true,"showFlares":true,"showImageEffects":true,"showParticleSystems":true},"in2DMode":false,"pivot":{"x":-15.564453125,"y":-16.65521240234375,"z":38.642295837402347},"rotation":{"x":-0.17733536660671235,"y":0.1476319283246994,"z":-0.026804804801940919,"w":-0.9727451801300049},"size":35.741458892822269,"orthographic":false}