{"cameraMode":{"drawMode":0,"name":"Shaded","section":"Shading Mode"},"sceneLighting":false,"audioPlay":false,"sceneViewState":{"showFog":true,"showMaterialUpdate":false,"showSkybox":false,"showFlares":true,"showImageEffects":true,"showParticleSystems":true},"in2DMode":false,"pivot":{"x":0.8113704919815064,"y":2.926339864730835,"z":-2.1044726371765138},"rotation":{"x":0.19863776862621308,"y":-0.38475096225738528,"z":0.0851096361875534,"w":0.8974369168281555},"size":1.1423659324645997,"orthographic":false}